Id;Designator;Footprint;Quantity;Designation;Supplier and ref
1;U1;TQFP-32_7x7mm_P0.8mm;1;ATmega328PB;
2;J2;Wuerth_61400416021;1;USB_A;
3;U5;SOT-23-6;1;MT3608;
4;U7;SOT-23-5;1;MT9700;
5;D6,D7;LED_0805_2012Metric;2;wh;
6;Q3;SOT-23-6;1;WST2011;
7;L1;L_Wurth_WE-LQSH-4020;1;2.2u;
8;R12,R11,R14,R21,R13,R4;R_0805_2012Metric;6;1k;
9;D5;LED_PLCC_2835;1;red;
10;R17,R7,R24,R15,R25,R1,R20,R8,R3,R16;R_0805_2012Metric;10;100k;
11;D1,D2,D3;SOT-23;3;BAT54S;
12;D8;D_SOD-123;1;DSS24;
13;R6,R2;R_0805_2012Metric;2;47;
14;U2;SO-20_12.8x7.5mm_P1.27mm;1;TM1637;
15;U3;FJ3661BH;1;FJ3661BH;
16;D4;LED_PLCC_2835;1;gr;
17;Q2,Q1;SC-74-6_1.5x2.9mm_P0.95mm;2;BC817DPN;
18;C5,C2,C1,C4,C8,C3,C6;C_0805_2012Metric;7;100n;
19;C13,C11,C12,C10;C_0805_2012Metric;4;5p;
20;R10,R9;R_0805_2012Metric;2;3k;
21;J3;JST_XH_S6B-XH-A_1x06_P2.50mm_Horizontal;1;Conn_01x06_Pin;
22;R5;R_0805_2012Metric;1;1M;
23;C17,C16,C15;C_0805_2012Metric;3;10u;
24;R19,R23,R22;R_0805_2012Metric;3;10k;
25;J1;USB_Micro-B_Molex-105017-0001;1;USB_B_Micro;
26;R18;R_0805_2012Metric;1;4k7;
27;C7;CP_Radial_D13.0mm_P5.00mm;1;0.33F;
28;SW1;SW_DHT-4235A;1;SW_Push;
29;C14;CP_Elec_6.3x5.8;1;330u;